<?xml version="1.0" encoding="utf-8"?>
<ArrayOfAlmacenista xmlns:xsi="http://www.w3.org/2001/XMLSchema-instance" xmlns:xsd="http://www.w3.org/2001/XMLSchema">
  <Almacenista ID="1" FName="giVdPkgLQdg=" LName="giVdPkgLQdg=">
    <Password>giVdPkgLQdg=</Password>
    <YearOfBirth>0</YearOfBirth>
    <Admin>true</Admin>
  </Almacenista>
  <Almacenista ID="2" FName="Y+8vKyAVjfc=" LName="aelg+umVjRM=">
    <Password>60uPwPitSmY=</Password>
    <YearOfBirth>2005</YearOfBirth>
    <Admin>false</Admin>
  </Almacenista>
</ArrayOfAlmacenista>